Rank,Unique Visitors (users),Page Views,Reach,Site,Category,Has Advertising
1,540000000,570000000000,35.2%,facebook.com,Social Networks,Yes
2,490000000,70000000000,31.8%,yahoo.com,Web Portals,Yes
3,370000000,39000000000,24.1%,live.com,Search Engines,Yes
4,310000000,7900000000,20%,wikipedia.org,Dictionaries & Encyclopedias,No
5,280000000,11000000000,18.1%,msn.com,Web Portals,Yes
6,230000000,3300000000,14.8%,microsoft.com,Software,Yes
7,230000000,4400000000,14.7%,blogspot.com,Blogging Resources & Services,Yes
8,230000000,27000000000,15%,baidu.com,Web Portals,Yes
9,170000000,25000000000,11.1%,qq.com,Email & Messaging,Yes
10,140000000,2100000000,9.2%,mozilla.com,Internet Clients & Browsers,No
11,130000000,3600000000,8.4%,sina.com.cn,Web Portals,Yes
12,120000000,1200000000,7.7%,wordpress.com,Blogging Resources & Services,Yes
13,110000000,2700000000,7.%,bing.com,Search Engines,Yes
14,110000000,1000000000,6.9%,adobe.com,Programming,Yes
15,98000000,2700000000,6.3%,163.com,Web Portals,Yes
16,98000000,10000000000,6.3%,taobao.com,Shopping,No
17,97000000,1400000000,6.3%,soso.com,Entertainment,No
18,96000000,5400000000,6.2%,twitter.com,Email & Messaging,No
19,89000000,1700000000,5.8%,youku.com,Video Clips & Movie Downloads,Yes
20,88000000,1700000000,5.7%,ask.com,Search Engines,Yes
21,82000000,1900000000,5.3%,sohu.com,Web Portals,Yes
22,74000000,3300000000,4.8%,amazon.com,Shopping,Yes
23,74000000,490000000,4.8%,windows.com,Windows,No
24,74000000,9400000000,4.8%,ebay.com,Auctions,Yes
25,72000000,27000000000,4.7%,yahoo.co.jp,Web Portals,Yes
26,72000000,27000000000,4.7%,myspace.com,Social Networks,Yes
27,72000000,960000000,4.7%,apple.com,Mac,Yes
28,66000000,1100000000,4.3%,tudou.com,Photo & Video Sharing,No
29,60000000,2000000000,3.9%,conduit.com,Advertising & Marketing,No
30,60000000,1100000000,3.9%,hotmail.com,Email & Messaging,Yes
31,55000000,1800000000,3.6%,flickr.com,Photo & Video Sharing,Yes
32,55000000,1100000000,3.6%,photobucket.com,Photo & Video Sharing,Yes
33,55000000,590000000,3.6%,tianya.cn,Online Communities,Yes
34,55000000,710000000,3.6%,about.com,How-To & Expert Content,Yes
35,55000000,490000000,3.6%,cnet.com,Technology News,Yes
36,50000000,1400000000,3.3%,hao123.com,Online Directories,No
37,50000000,270000000,3.2%,iefxz.com,,No
38,50000000,870000000,3.2%,xunlei.com,TV Programs,No
39,49000000,1900000000,3.2%,paypal.com,Merchant Services & Payment Systems,Yes
40,46000000,800000000,3%,rapidshare.com,File Sharing & Hosting,No
41,46000000,3000000000,3%,go.com,Web Portals,Yes
42,45000000,2400000000,2.9%,fc2.com,Blogging Resources & Services,Yes
43,45000000,2500000000,2.9%,bbc.co.uk,News & Current Events,Yes
44,45000000,1400000000,2.9%,imdb.com,Movies,Yes
45,45000000,5300000000,2.9%,orkut.com,Social Networks,Yes
46,45000000,540000000,2.9%,sogou.com,Web Portals,No
47,42000000,450000000,2.7%,56.com,Multimedia Content,No
48,42000000,4400000000,2.7%,aol.com,Web Portals,Yes
49,42000000,14000000000,2.7%,craigslist.org,Classifieds,No
50,41000000,4000000000,2.6%,rakuten.co.jp,Shopping Portals & Search Engines,Yes
51,41000000,310000000,2.7%,imageshack.us,File Sharing & Hosting,Yes
52,41000000,410000000,2.7%,ku6.com,Multimedia Content,Yes
53,41000000,1700000000,2.7%,blogger.com,Blogging Resources & Services,Yes
54,41000000,810000000,2.6%,goo.ne.jp,Web Services,Yes
55,41000000,860000000,2.7%,ifeng.com,News & Current Events,Yes
56,38000000,1700000000,2.5%,linkedin.com,Social Networks,Yes
57,38000000,7000000000,2.4%,yandex.ru,Search Engines,Yes
58,37000000,10000000000,2.4%,mail.ru,Email & Messaging,Yes
59,35000000,280000000,2.2%,partypoker.com,Cards & Casino Games,No
60,34000000,880000000,2.2%,megaupload.com,File Sharing & Hosting,No
61,34000000,250000000,2.2%,answers.com,Dictionaries & Encyclopedias,No
62,34000000,800000000,2.2%,alibaba.com,Management & Corporate Operations,Yes
63,34000000,9500000000,2.2%,hi5.com,Social Networks,Yes
64,34000000,1300000000,2.2%,cnn.com,News & Current Events,Yes
65,34000000,1100000000,2.2%,amazon.co.jp,Shopping Portals & Search Engines,No
66,31000000,1600000000,2%,4shared.com,File Sharing & Hosting,Yes
67,31000000,1300000000,2%,ameblo.jp,Blogging Resources & Services,Yes
68,31000000,410000000,2%,gougou.com,Web Services,Yes
69,31000000,370000000,2%,skype.com,VOIP & Internet Telephony,No
70,31000000,2000000000,2%,renren.com,Social Networks,Yes
71,31000000,540000000,2%,dailymotion.com,Video Clips & Movie Downloads,Yes
72,31000000,5400000000,2%,naver.com,Search Engines,No
73,31000000,890000000,2%,weather.com,Weather,Yes
74,29000000,210000000,1.9%,mozilla.org,Internet Clients & Browsers,No
75,29000000,370000000,1.9%,mediafire.com,File Sharing & Hosting,Yes
76,28000000,330000000,1.8%,bit.ly,File Sharing & Hosting,No
77,28000000,650000000,1.8%,hp.com,Educational Resources,No
78,28000000,490000000,1.8%,livedoor.jp,Blogging Resources & Services,Yes
79,28000000,190000000,1.8%,ehow.com,How-To & Expert Content,Yes
80,28000000,660000000,1.8%,nifty.com,ISPs,Yes
81,26000000,30000000000,1.7%,vkontakte.ru,Social Networks,No
82,26000000,660000000,1.7%,alipay.com,Banking & Personal Finance,Yes
83,26000000,600000000,1.7%,nytimes.com,Newspapers,Yes
84,26000000,230000000,1.7%,overture.com,Search Engines,No
85,26000000,230000000,1.7%,sourceforge.net,Open Source,Yes
86,25000000,170000000,1.6%,fbcdn.net,Language Study & Translation,No
87,25000000,160000000,1.6%,xtendmedia.com,Web Design & Development,No
88,25000000,190000000,1.7%,xinhuanet.com,News & Current Events,Yes
89,25000000,140000000,1.6%,wikimedia.org,Dictionaries & Encyclopedias,No
90,25000000,250000000,1.6%,pconline.com.cn,Mobile Phones,Yes
91,25000000,2500000000,1.7%,daum.net,Online Communities,Yes
92,24000000,800000000,1.5%,4399.com,Online Games,Yes
93,24000000,2300000000,1.5%,bankofamerica.com,Banking & Personal Finance,No
94,23000000,5800000000,1.5%,ebay.de,Auctions,Yes
95,23000000,4000000000,1.5%,uol.com.br,Web Portals,Yes
96,23000000,250000000,1.5%,filestube.com,File Sharing & Hosting,No
97,23000000,310000000,1.5%,zol.com.cn,Hardware,Yes
98,23000000,250000000,1.5%,mop.com,Roleplaying Games,No
99,23000000,960000000,1.5%,alexa.com,Search Engine Optimization & Marketing,No
100,22000000,370000000,1.4%,biglobe.ne.jp,Web Portals,Yes
101,22000000,130000000,1.4%,brothersoft.com,Software,Yes
102,21000000,130000000,1.4%,scribd.com,E-Books,Yes
103,21000000,340000000,1.4%,softonic.com,Computers & Electronics,Yes
104,21000000,400000000,1.4%,mapquest.com,Maps & Geography,Yes
105,21000000,500000000,1.4%,dell.com,Forum & Chat Providers,Yes
106,21000000,170000000,1.4%,people.com.cn,Entertainment,Yes
107,21000000,1400000000,1.4%,kaixin001.com,Web Services,No
108,21000000,230000000,1.4%,geocities.jp,Web Hosting & Domain Registration,Yes
109,21000000,4900000000,1.4%,ebay.co.uk,Auctions,No
110,21000000,190000000,1.4%,hatena.ne.jp,Blogging Resources & Services,Yes
111,21000000,160000000,1.4%,seesaa.net,Search Engines,Yes
112,21000000,3600000000,1.4%,badoo.com,Social Networks,No
113,21000000,330000000,1.4%,megavideo.com,Video Clips & Movie Downloads,No
114,21000000,310000000,1.4%,126.com,Programming,No
115,21000000,330000000,1.4%,paipai.com,Auctions,No
116,21000000,170000000,1.4%,avg.com,Antivirus & Malware,No
117,21000000,230000000,1.4%,pps.tv,Video Clips & Movie Downloads,Yes
118,21000000,5300000000,1.4%,odnoklassniki.ru,Personals,Yes
119,20000000,860000000,1.3%,free.fr,ISPs,Yes
120,20000000,800000000,1.3%,mywebsearch.com,Social Networks,No
121,19000000,410000000,1.2%,infoseek.co.jp,Web Portals,Yes
122,19000000,3000000000,1.2%,zynga.com,Online Games,Yes
123,19000000,280000000,1.3%,depositfiles.com,File Sharing & Hosting,No
124,19000000,410000000,1.2%,metacafe.com,Video Clips & Movie Downloads,Yes
125,19000000,2100000000,1.2%,chase.com,Banking & Personal Finance,Yes
126,19000000,720000000,1.3%,thepiratebay.org,File Sharing & Hosting,No
127,19000000,720000000,1.3%,kakaku.com,Shopping Portals & Search Engines,Yes
128,19000000,170000000,1.3%,cctv.com,TV,Yes
129,19000000,89000000,1.3%,optmd.com,Personals,Yes
130,19000000,280000000,1.3%,hotfile.com,File Sharing & Hosting,No
131,19000000,81000000,1.3%,com.com,Technology News,Yes
132,19000000,600000000,1.2%,ning.com,Social Networks,Yes
133,18000000,250000000,1.2%,ocn.ne.jp,ISPs,Yes
134,18000000,960000000,1.1%,vk.com,Search Engines,No
135,18000000,88000000,1.1%,game2.com.cn,Porn,No
136,18000000,97000000,1.1%,youdao.com,Photo & Video Software,No
137,18000000,330000000,1.1%,getpersonas.com,Internet Clients & Browsers,No
138,18000000,410000000,1.2%,tripadvisor.com,Hotels & Accommodations,Yes
139,18000000,1700000000,1.1%,nate.com,Web Portals,Yes
140,18000000,1000000000,1.1%,livejournal.com,Blogging Resources & Services,Yes
141,18000000,250000000,1.2%,soufun.com,Real Estate,Yes
142,18000000,130000000,1.1%,zedo.com,E-Commerce,No
143,18000000,81000000,1.1%,browserchoice.eu,Internet Clients & Browsers,No
144,17000000,130000000,1.1%,thefreedictionary.com,Dictionaries & Encyclopedias,Yes
145,17000000,590000000,1.1%,2ch.net,Email & Messaging,Yes
146,17000000,190000000,1.1%,tinypic.com,Photo & Video Sharing,No
147,17000000,120000000,1.1%,java.com,Java,No
148,17000000,210000000,1.1%,narod.ru,Blogging Resources & Services,Yes
149,17000000,73000000,1.1%,xici.net,Online Communities,Yes
150,17000000,720000000,1.1%,walmart.com,Food Retailers,Yes
151,17000000,170000000,1.1%,114la.com,Online Directories,No
152,17000000,130000000,1.1%,joy.cn,Movies,No
153,17000000,89000000,1.1%,addthis.com,Java,No
154,17000000,2700000000,1.1%,globo.com,News & Current Events,Yes
155,16000000,160000000,1%,360.cn,Comics & Animation,Yes
156,16000000,160000000,1%,cocolog-nifty.com,Web Services,Yes
157,16000000,1200000000,1%,netflix.com,Movie Rentals & Sales,No
158,16000000,450000000,1%,target.com,Mass Merchants & Department Stores,Yes
159,16000000,190000000,1%,58.com,Classifieds,Yes
160,16000000,1200000000,1%,cyworld.com,Web Portals,No
161,16000000,97000000,1.1%,unionsky.cn,Online Goodies,No
162,16000000,310000000,1%,tom.com,Web Portals,Yes
163,16000000,970000000,1%,amazon.de,Book Retailers,No
164,16000000,1900000000,1%,netlog.com,Social Networks,Yes
165,16000000,790000000,1%,amazon.co.uk,Book Retailers,No
166,16000000,250000000,1%,reference.com,Dictionaries & Encyclopedias,Yes
167,16000000,300000000,1%,douban.com,Social Networks,Yes
168,16000000,370000000,1%,eastmoney.com,Finance & Insurance,Yes
169,16000000,410000000,1%,livedoor.com,Web Portals,Yes
170,16000000,140000000,1%,hexun.com,Investing,Yes
171,16000000,120000000,1%,liveperson.net,Apparel,No
172,16000000,600000000,1%,7k7k.com,Online Games,Yes
173,16000000,450000000,1%,miniclip.com,Online Games,Yes
174,16000000,170000000,1%,so-net.ne.jp,ISPs,Yes
175,16000000,120000000,1%,39.net,Health,Yes
176,15000000,300000000,0.9%,nih.gov,Medical Literature & Resources,No
177,15000000,250000000,1%,sakura.ne.jp,Web Hosting & Domain Registration,Yes
178,15000000,1400000000,1%,rambler.ru,Web Portals,No
179,15000000,190000000,1%,reuters.com,News & Current Events,Yes
180,15000000,88000000,0.9%,kugou.com,Movies,No
181,15000000,3000000000,0.9%,mixi.jp,Social Networks,No
182,15000000,1400000000,0.9%,terra.com.br,Lyrics & Tabs,Yes
183,15000000,89000000,0.9%,tripod.com,Web Hosting & Domain Registration,Yes
184,14000000,140000000,0.9%,mcafee.com,Antivirus & Malware,No
185,14000000,720000000,0.9%,att.com,Service Providers,Yes
186,14000000,80000000,0.9%,weather.com.cn,Weather,No
187,14000000,4100000000,0.9%,tagged.com,Social Networks,Yes
188,14000000,66000000,0.9%,atpanel.com,Shopping,No
189,14000000,410000000,0.9%,2345.com,Hotels & Accommodations,No
190,14000000,1300000000,0.9%,zing.vn,ERP,No
191,14000000,190000000,0.9%,exblog.jp,Blogging Resources & Services,Yes
192,14000000,210000000,0.9%,chinamobile.com,Service Providers,No
193,14000000,500000000,0.9%,expedia.com,Air Travel,No
194,14000000,1200000000,0.9%,ameba.jp,Blogging Resources & Services,Yes
195,14000000,74000000,0.9%,tinyurl.com,Web Services,Yes
196,13000000,130000000,0.9%,chinanews.com.cn,News & Current Events,Yes
197,13000000,51000000,0.9%,1stwebgame.com,,No
198,13000000,210000000,0.9%,commentcamarche.net,Computers & Electronics,Yes
199,13000000,97000000,0.9%,allabout.co.jp,Cooking & Recipes,Yes
200,13000000,450000000,0.8%,taringa.net,Entertainment,Yes
201,13000000,1300000000,0.8%,nicovideo.jp,Video Clips & Movie Downloads,Yes
202,13000000,81000000,0.9%,domaintools.com,Web Hosting & Domain Registration,Yes
203,13000000,110000000,0.8%,jugem.jp,Blogging Resources & Services,Yes
204,13000000,210000000,0.9%,excite.co.jp,Web Portals,Yes
205,13000000,410000000,0.9%,autohome.com.cn,Automotive,Yes
206,13000000,140000000,0.9%,typepad.com,Blogging Resources & Services,Yes
207,13000000,120000000,0.9%,ezinearticles.com,Dictionaries & Encyclopedias,Yes
208,13000000,88000000,0.9%,shopping.com,Footwear,Yes
209,13000000,880000000,0.9%,deviantart.com,Visual Arts,Yes
210,13000000,97000000,0.9%,gstatic.com,,No
211,13000000,140000000,0.9%,marketgid.com,Shopping,No
212,13000000,720000000,0.9%,ikea.com,Home Furnishings,No
213,13000000,260000000,0.8%,yomiuri.co.jp,Newspapers,Yes
214,13000000,410000000,0.9%,maktoob.com,Web Portals,Yes
215,13000000,2100000000,0.8%,web.de,Entertainment,Yes
216,13000000,96000000,0.8%,informharry.com,,No
217,13000000,120000000,0.8%,alimama.com,Advertising & Marketing,Yes
218,13000000,260000000,0.9%,ynet.com,Olympics & International Competitions,Yes
219,13000000,89000000,0.8%,softpedia.com,Software,Yes
220,13000000,230000000,0.9%,china.com,Web Portals,Yes
221,13000000,67000000,0.9%,6.cn,Video Clips & Movie Downloads,Yes
222,13000000,490000000,0.8%,5599.net,Social Networks,No
223,13000000,110000000,0.9%,cntv.cn,TV Networks,No
224,13000000,330000000,0.8%,booking.com,Greece,Yes
225,13000000,5400000000,0.9%,orange.fr,Service Providers,Yes
226,13000000,190000000,0.9%,advmaker.ru,,No
227,13000000,190000000,0.9%,verycd.com,File Sharing & Hosting,No
228,13000000,230000000,0.8%,multiply.com,Blogging Resources & Services,Yes
229,13000000,3000000000,0.9%,comcast.net,Online Games,Yes
230,12000000,81000000,0.8%,ioage.com,Computers & Electronics,No
231,12000000,61000000,0.8%,skycn.com,Cooking & Recipes,No
232,12000000,1900000000,0.8%,libero.it,Web Portals,Yes
233,12000000,3300000000,0.8%,onet.pl,Web Portals,Yes
234,12000000,960000000,0.8%,rediff.com,Web Portals,Yes
235,12000000,370000000,0.8%,americanexpress.com,Credit Cards,Yes
236,12000000,260000000,0.8%,dailymail.co.uk,Newspapers,Yes
237,12000000,300000000,0.8%,alot.com,Online Goodies,Yes
238,12000000,7100000000,0.8%,nasza-klasa.pl,Social Networks,Yes
239,12000000,96000000,0.8%,pchome.net,Computers & Electronics,No
240,12000000,230000000,0.8%,51job.com,Jobs,No
241,12000000,41000000,0.8%,okwave.jp,Forum & Chat Providers,Yes
242,12000000,46000000,0.8%,70yx.com,Online Games,No
243,12000000,120000000,0.8%,rakuten.ne.jp,Shopping Portals & Search Engines,Yes
244,12000000,160000000,0.8%,nikkeibp.co.jp,News Networks,Yes
245,12000000,450000000,0.8%,mlb.com,Baseball,Yes
246,12000000,370000000,0.8%,huffingtonpost.com,Liberal Sites & Organizations,Yes
247,12000000,380000000,0.8%,bestbuy.com,Consumer Electronics,No
248,12000000,67000000,0.8%,freelotto.com,Lotto & Sweepstakes,No
249,12000000,370000000,0.8%,yahoo.net,Online Journals & Personal Sites,Yes
250,12000000,50000000,0.8%,docstoc.com,Forms Guides & Templates,Yes
251,12000000,98000000,0.8%,csdn.net,Programming,Yes
252,12000000,190000000,0.8%,digg.com,News & Current Events,Yes
253,12000000,41000000,0.8%,macromedia.com,Audio & Multimedia,No
254,12000000,450000000,0.8%,tumblr.com,,Yes
255,12000000,190000000,0.8%,twitpic.com,Audio & Multimedia,Yes
256,12000000,160000000,0.8%,impress.co.jp,Technology News,Yes
257,12000000,490000000,0.8%,foxsports.com,Sports,Yes
258,11000000,370000000,0.7%,wikia.com,Dictionaries & Encyclopedias,Yes
259,11000000,720000000,0.7%,t-online.de,Service Providers,Yes
260,11000000,650000000,0.7%,verizonwireless.com,Phone Service Providers,No
261,11000000,790000000,0.7%,justin.tv,Multimedia Content,Yes
262,11000000,280000000,0.7%,ups.com,Couriers & Messengers,No
263,11000000,2300000000,0.7%,wp.pl,Web Portals,Yes
264,11000000,50000000,0.7%,docin.com,Advertising & Marketing,Yes
265,11000000,73000000,0.7%,pdfqueen.com,Test Preparation,No
266,11000000,160000000,0.7%,dangdang.com,Book Retailers,No
267,11000000,74000000,0.7%,focus.cn,Dictionaries & Encyclopedias,Yes
268,11000000,120000000,0.7%,nextag.com,Price Comparisons,No
269,11000000,88000000,0.7%,ziddu.com,File Sharing & Hosting,Yes
270,11000000,97000000,0.7%,hubpages.com,How-To & Expert Content,Yes
271,11000000,89000000,0.7%,kioskea.net,Operating Systems,Yes
272,11000000,190000000,0.7%,babylon.com,Language Study & Translation,Yes
273,11000000,170000000,0.7%,last.fm,Music Streams & Downloads,Yes
274,11000000,1300000000,0.7%,wellsfargo.com,Banking & Personal Finance,Yes
275,11000000,1000000000,0.7%,gmx.net,Social Networks,Yes
276,11000000,970000000,0.7%,friendster.com,Social Networks,Yes
277,11000000,170000000,0.7%,wsj.com,Newspapers,Yes
278,11000000,66000000,0.7%,slideshare.net,Photo & Video Sharing,No
279,11000000,590000000,0.7%,foxnews.com,News Networks,Yes
280,11000000,160000000,0.7%,ganji.com,Classifieds,Yes
281,11000000,89000000,0.7%,iza.ne.jp,News Networks,Yes
282,11000000,400000000,0.7%,51.com,Social Networks,Yes
283,11000000,73000000,0.7%,metrolyrics.com,Lyrics & Tabs,Yes
284,11000000,61000000,0.7%,yesky.com,Computers & Electronics,Yes
285,11000000,300000000,0.7%,usps.com,Couriers & Messengers,No
286,11000000,110000000,0.7%,alisoft.com,Advertising & Marketing,Yes
287,11000000,74000000,0.7%,mainichi.jp,Newspapers,No
288,11000000,340000000,0.7%,irs.gov,Accounting & Tax,No
289,11000000,530000000,0.7%,bigpoint.com,Online Games,Yes
290,11000000,45000000,0.7%,china.com.cn,Internet,Yes
291,11000000,96000000,0.7%,iciba.com,Language Study & Translation,Yes
292,10000000,490000000,0.6%,hulu.com,Video Clips & Movie Downloads,Yes
293,10000000,370000000,0.6%,gmarket.co.kr,Shopping,No
294,10000000,170000000,0.6%,tabelog.com,Restaurants,No
295,10000000,150000000,0.7%,gamespot.com,Video Games,Yes
296,10000000,130000000,0.6%,symantec.com,Antivirus & Malware,No
297,10000000,160000000,0.7%,nokia.com,Mobile Phones,No
298,10000000,89000000,0.6%,pcpop.com,Hardware,Yes
299,10000000,67000000,0.6%,dion.ne.jp,ISPs,Yes
300,10000000,270000000,0.6%,torrentz.com,File Sharing & Hosting,No
301,10000000,140000000,0.7%,pptv.com,Movies,No
302,10000000,160000000,0.7%,telegraph.co.uk,Newspapers,Yes
303,10000000,170000000,0.7%,duowan.com,Online Games,Yes
304,10000000,140000000,0.6%,joins.com,Lifestyles,Yes
305,10000000,250000000,0.6%,wordreference.com,Language Study & Translation,Yes
306,10000000,50000000,0.6%,peeplo.com,Search Engines,Yes
307,10000000,190000000,0.7%,ign.com,Video Games,Yes
308,10000000,140000000,0.7%,huanqiu.com,News & Current Events,Yes
309,10000000,130000000,0.6%,aweber.com,Email & Messaging,Yes
310,10000000,160000000,0.7%,guardian.co.uk,Newspapers,Yes
311,10000000,130000000,0.6%,samsung.com,Televisions,No
312,10000000,2100000000,0.6%,skyrock.com,Radio,Yes
313,10000000,73000000,0.6%,sun.com,Java,No
314,10000000,45000000,0.7%,the2009.cn,,No
315,9900000,230000000,0.6%,musica.com,Lyrics & Tabs,Yes
316,9900000,250000000,0.6%,icq.com,Forum & Chat Providers,Yes
317,9900000,4000000000,0.6%,allegro.pl,Auctions,No
318,9900000,450000000,0.6%,virgilio.it,Search Engines,No
319,9900000,150000000,0.6%,nhk.or.jp,TV Networks,No
320,9900000,35000000,0.6%,linekong.com,Online Games,No
321,9900000,45000000,0.6%,hudong.com,Web Services,Yes
322,9900000,170000000,0.6%,comcast.com,Cable & Satellite Providers,Yes
323,9900000,170000000,0.6%,pcauto.com.cn,Automotive,Yes
324,9900000,110000000,0.6%,sponichi.co.jp,Sports,Yes
325,9900000,340000000,0.6%,isohunt.com,File Sharing & Hosting,No
326,9900000,81000000,0.6%,springerlink.com,Educational Resources,Yes
327,9900000,34000000,0.6%,traviangames.com,Online Games,No
328,9900000,120000000,0.6%,zimbio.com,Entertainment,Yes
329,9900000,41000000,0.6%,robtex.com,Development Tools,Yes
330,9900000,2800000000,0.6%,wretch.cc,Local,Yes
331,9900000,210000000,0.6%,japanpost.jp,Freight & Trucking,No
332,9900000,38000000,0.6%,onlinedown.net,Software,Yes
333,9800000,480000000,0.6%,godaddy.com,Web Hosting & Domain Registration,No
334,9800000,98000000,0.6%,vimeo.com,Photo & Video Sharing,No
335,9800000,300000000,0.6%,qidian.com,Fan Fiction,Yes
336,9800000,66000000,0.6%,mapion.co.jp,Japan,Yes
337,9800000,230000000,0.6%,washingtonpost.com,Newspapers,Yes
338,9800000,51000000,0.6%,118114.cn,Restaurants,Yes
339,9800000,50000000,0.6%,ieaddons.com,Central & Eastern Europe,No
340,9800000,120000000,0.6%,rockyou.com,MySpace Codes & Graphics,Yes
341,9800000,230000000,0.6%,wikimapia.org,Maps & Geography,Yes
342,9800000,300000000,0.6%,jiayuan.com,Matrimonial Services,No
343,9800000,160000000,0.6%,sanspo.com,Newspapers,Yes
344,9800000,190000000,0.6%,whitepages.com,Industries,Yes
345,9800000,170000000,0.6%,yelp.com,Restaurants,Yes
346,9800000,61000000,0.6%,real.com,Audio & Multimedia,Yes
347,9800000,90000000,0.6%,bizrate.com,Price Comparisons,No
348,9800000,970000000,0.6%,formspring.me,Cards & Greetings,No
349,9800000,110000000,0.6%,amazon.cn,Book Retailers,No
350,9800000,89000000,0.6%,hc360.com,E-Commerce,Yes
351,9700000,160000000,0.6%,17173.com,Cheats & Hints,Yes
352,9100000,61000000,0.6%,ineedfile.com,Hacking & Cracking,No
353,9100000,160000000,0.6%,360buy.com,Mobile Phones,Yes
354,9100000,55000000,0.6%,8684.cn,Traffic & Public Transit,Yes
355,9100000,46000000,0.6%,pplive.com,TV,No
356,9100000,170000000,0.6%,over-blog.com,Blogging Resources & Services,Yes
357,9100000,410000000,0.6%,baixaki.com.br,File Sharing & Hosting,Yes
358,9100000,130000000,0.6%,beemp3.com,Music,No
359,9100000,210000000,0.6%,cnzz.com,Web Stats & Analytics,No
360,9100000,160000000,0.6%,usatoday.com,Newspapers,Yes
361,9100000,51000000,0.6%,yahooapis.com,Mass Merchants & Department Stores,No
362,9000000,110000000,0.6%,tenpay.com,Merchant Services & Payment Systems,No
363,9000000,170000000,0.6%,asahi.com,Newspapers,Yes
364,9000000,160000000,0.6%,surveymonkey.com,Internet Software,No
365,9000000,55000000,0.6%,21cn.com,Web Portals,Yes
366,9000000,280000000,0.6%,nba.com,Basketball,Yes
367,9000000,55000000,0.6%,informer.com,Software,Yes
368,9000000,370000000,0.6%,intuit.com,USA,No
369,9000000,55000000,0.6%,sparkstudios.com,,No
370,9000000,150000000,0.6%,letitbit.net,File Sharing & Hosting,No
371,9000000,88000000,0.6%,plala.or.jp,Web Hosting & Domain Registration,Yes
372,9000000,330000000,0.6%,homedepot.com,Home Improvement,No
373,9000000,96000000,0.6%,ctrip.com,Travel,No
374,9000000,55000000,0.6%,opera.com,Mobile & Wireless,Yes
375,9000000,34000000,0.6%,37cs.com,,No
376,9000000,80000000,0.6%,jiji.com,Newspapers,Yes
377,9000000,160000000,0.6%,ucoz.ru,Web Design & Development,Yes
378,9000000,160000000,0.6%,webmd.com,Medical Literature & Resources,No
379,9000000,370000000,0.6%,sonico.com,Social Networks,Yes
380,9000000,67000000,0.6%,avast.com,Antivirus & Malware,No
381,9000000,410000000,0.6%,linternaute.com,Social Networks,Yes
382,9000000,46000000,0.6%,letv.com,Entertainment,No
383,8900000,50000000,0.6%,ip138.com,Online Directories,Yes
384,8900000,370000000,0.6%,careerbuilder.com,Jobs,Yes
385,8900000,250000000,0.6%,ibm.com,Computers & Electronics,Yes
386,8900000,73000000,0.6%,associatedcontent.com,How-To & Expert Content,Yes
387,8900000,170000000,0.6%,gnavi.co.jp,Restaurants,No
388,8900000,73000000,0.6%,rincondelvago.com,Education,Yes
389,8900000,330000000,0.6%,indiatimes.com,Newspapers,Yes
390,8900000,41000000,0.6%,ddmap.com,Regional Content,No
391,8900000,170000000,0.6%,veoh.com,Video Clips & Movie Downloads,Yes
392,8900000,140000000,0.6%,dtiblog.com,Blogging Resources & Services,Yes
393,8900000,210000000,0.6%,zylom.com,Online Games,Yes
394,8800000,80000000,0.6%,monografias.com,Educational Resources,Yes
395,8800000,230000000,0.6%,auction.co.kr,Price Comparisons,No
396,8800000,260000000,0.6%,fedex.com,Couriers & Messengers,No
397,8800000,340000000,0.6%,liveinternet.ru,Online Directories,Yes
398,8300000,66000000,0.5%,koubei.com,Rental Listings & Referrals,No
399,8300000,3700000000,0.5%,leboncoin.fr,Vehicle Shopping,Yes
400,8300000,55000000,0.5%,game2.cn,Flash Content,No
401,8300000,46000000,0.5%,suite101.com,How-To & Expert Content,Yes
402,8300000,80000000,0.5%,squidoo.com,Blogging Resources & Services,Yes
403,8300000,89000000,0.5%,teacup.com,Forum & Chat Providers,Yes
404,8300000,34000000,0.5%,windowslive.com,Email & Messaging,No
405,8300000,190000000,0.5%,addictinggames.com,Online Games,Yes
406,8300000,72000000,0.5%,filehippo.com,Software,Yes
407,8300000,81000000,0.5%,sdo.com,Online Games,Yes
408,8300000,50000000,0.5%,shld.net,,No
409,8300000,98000000,0.5%,ustream.tv,TV,Yes
410,8300000,42000000,0.5%,tistory.com,Blogging Resources & Services,Yes
411,8300000,50000000,0.5%,115.com,Search Engines,Yes
412,8300000,28000000,0.5%,liutilities.com,Antivirus & Malware,No
413,8300000,280000000,0.5%,jalan.net,Hotels & Accommodations,No
414,8300000,230000000,0.5%,webs.com,Internet Software,Yes
415,8300000,38000000,0.5%,naqigs.com,,No
416,8300000,73000000,0.5%,ccb.com.cn,Banking & Personal Finance,No
417,8200000,55000000,0.5%,it168.com,Computers & Electronics,Yes
418,8200000,42000000,0.5%,etology.com,Language Study & Translation,No
419,8200000,26000000,0.5%,everesttech.net,,No
420,8200000,170000000,0.5%,intelius.com,Search Engines,No
421,8200000,50000000,0.5%,sina.com,Web Portals,Yes
422,8200000,41000000,0.5%,pomoho.com,Video Clips & Movie Downloads,Yes
423,8200000,23000000,0.5%,serving-sys.com,Advertising & Marketing,No
424,8200000,98000000,0.5%,sciencedirect.com,Science,Yes
425,8200000,50000000,0.5%,ccbill.com,Merchant Services & Payment Systems,No
426,8200000,210000000,0.5%,incredimail.com,Email & Messaging,Yes
427,8200000,410000000,0.5%,capitalone.com,Banking & Personal Finance,No
428,8200000,110000000,0.5%,yellowpages.com,Business & Personal Listings,Yes
429,8200000,38000000,0.5%,geocities.co.jp,Web Hosting & Domain Registration,Yes
430,8200000,660000000,0.5%,ebay.it,Programming,Yes
431,8200000,34000000,0.5%,glispa.com,Home Improvement,No
432,8200000,140000000,0.5%,hotels.com,Hotels & Accommodations,Yes
433,8200000,60000000,0.5%,opendns.com,Web Hosting & Domain Registration,No
434,8100000,110000000,0.5%,engadget.com,Technology News,Yes
435,8100000,140000000,0.5%,chosun.com,Newspapers,Yes
436,8100000,720000000,0.5%,y8.com,Online Games,Yes
437,8100000,42000000,0.5%,ourtoolbar.com,Internet Clients & Browsers,No
438,8100000,66000000,0.5%,oricon.co.jp,Health Conditions,Yes
439,8100000,34000000,0.5%,downloadhelper.net,Audio & Multimedia,No
440,8100000,870000000,0.5%,oyunlar1.com,Online Games,Yes
441,8100000,73000000,0.5%,vector.co.jp,Software,Yes
442,8100000,73000000,0.5%,cmbchina.com,Banking & Personal Finance,Yes
443,8100000,960000000,0.5%,farmville.com,Crafts,No
444,8100000,34000000,0.5%,120ask.com,Reproductive Health,Yes
445,8100000,140000000,0.5%,chip.de,Computers & Electronics,Yes
446,8100000,170000000,0.5%,atwiki.jp,Blogging Resources & Services,Yes
447,8100000,160000000,0.5%,zhaopin.com,Jobs,No
448,8100000,24000000,0.5%,unkar.org,Forum & Chat Providers,No
449,8100000,120000000,0.5%,freeonlinegames.com,Online Games,Yes
450,8100000,120000000,0.5%,wordpress.org,Blogging Resources & Services,No
451,8100000,88000000,0.5%,latimes.com,Newspapers,Yes
452,7600000,880000000,0.5%,fotolog.com,Photo & Video Sharing,Yes
453,7600000,590000000,0.5%,fastbrowsersearch.com,Video Clips & Movie Downloads,No
454,7600000,110000000,0.5%,mp3raid.com,Music Streams & Downloads,No
455,7500000,280000000,0.5%,pagesjaunes.fr,Online Directories,No
456,7500000,160000000,0.5%,boston.com,Newspapers,Yes
457,7500000,1300000000,0.5%,mobile.de,Vehicle Shopping,No
458,7500000,45000000,0.5%,webry.info,Government & Regulatory Bodies,Yes
459,7500000,66000000,0.5%,5d6d.com,Forum & Chat Providers,Yes
460,7500000,170000000,0.5%,aufeminin.com,Women's Interests,Yes
461,7500000,41000000,0.5%,wikihow.com,Dating & Relationships,Yes
462,7500000,120000000,0.5%,11st.co.kr,Science Fiction & Fantasy Films,No
463,7500000,61000000,0.5%,yaplog.jp,Blogging Resources & Services,Yes
464,7500000,89000000,0.5%,passport.net,Email & Messaging,No
465,7500000,88000000,0.5%,merriam-webster.com,Dictionaries & Encyclopedias,Yes
466,7500000,60000000,0.5%,itmedia.co.jp,Technology News,No
467,7500000,310000000,0.5%,cookpad.com,Food & Drink,Yes
468,7500000,590000000,0.5%,mercadolivre.com.br,Car Stereo,No
469,7500000,120000000,0.5%,tu.tv,Photo & Video Sharing,Yes
470,7500000,23000000,0.5%,wauee.com,,No
471,7500000,260000000,0.5%,priceline.com,Travel,Yes
472,7500000,67000000,0.5%,zshare.net,File Sharing & Hosting,Yes
473,7500000,370000000,0.5%,cooliris.com,Blogging Resources & Services,No
474,7500000,60000000,0.5%,qunar.com,Air Travel,Yes
475,7500000,140000000,0.5%,ryanair.com,Air Travel,Yes
476,7500000,730000000,0.5%,interia.pl,Web Portals,Yes
477,7500000,790000000,0.5%,ig.com.br,Local News,Yes
478,7500000,250000000,0.5%,monster.com,Jobs,Yes
479,7400000,130000000,0.5%,archive.org,Programming,No
480,7400000,280000000,0.5%,alice.it,Entertainment,Yes
481,7400000,34000000,0.5%,xinmin.cn,Newspapers,Yes
482,7400000,49000000,0.5%,fixya.com,Tech Support,Yes
483,7400000,120000000,0.5%,nikkansports.com,Sports,Yes
484,7400000,55000000,0.5%,funshion.com,Movies,Yes
485,7400000,41000000,0.5%,vnet.cn,Web Portals,Yes
486,7400000,250000000,0.5%,sears.com,Home Appliances,No
487,7400000,400000000,0.5%,bild.de,Gossip & Tabloids,Yes
488,7400000,1100000000,0.5%,ebay.fr,Auctions,No
489,7400000,340000000,0.5%,iminent.com,Email & Messaging,Yes
490,7400000,72000000,0.5%,uploading.com,File Sharing & Hosting,No
491,7400000,31000000,0.5%,baofeng.com,Audio & Multimedia,No
492,7400000,60000000,0.5%,1ting.com,Music,No
493,7400000,450000000,0.5%,macys.com,Mass Merchants & Department Stores,No
494,7400000,60000000,0.5%,kuwo.cn,,No
495,7400000,120000000,0.5%,bitauto.com,Vehicle Shopping,Yes
496,7400000,89000000,0.5%,tiexue.net,Military,Yes
497,7400000,42000000,0.5%,mpnrs.com,,No
498,7400000,38000000,0.5%,nowdownloadall.com,E-Books,No
499,7400000,280000000,0.5%,southwest.com,Air Travel,No
500,7400000,34000000,0.5%,ce.cn,Business News,Yes
501,7400000,89000000,0.5%,in.com,Investing,Yes
502,7400000,190000000,0.5%,allrecipes.com,Cooking & Recipes,Yes
503,7400000,81000000,0.5%,novoteka.ru,Politics,No
504,7400000,280000000,0.5%,travelocity.com,Travel,Yes
505,7400000,540000000,0.5%,people.com,Celebrities,No
506,7400000,97000000,0.5%,timesonline.co.uk,Newspapers,Yes
507,7400000,37000000,0.5%,dealtime.com,Price Comparisons,No
508,7300000,310000000,0.5%,ticketmaster.com,Ticket Sales,No
509,7300000,120000000,0.5%,mtv.com,Music,Yes
510,7300000,450000000,0.5%,gazeta.pl,Newspapers,Yes
511,6900000,42000000,0.4%,bin-layer.de,,No
512,6900000,41000000,0.4%,9wee.com,Mass Merchants & Department Stores,No
513,6800000,81000000,0.4%,donga.com,Newspapers,Yes
514,6800000,230000000,0.4%,lowes.com,Home Improvement,No
515,6800000,61000000,0.4%,fanpop.com,Social Networks,Yes
516,6800000,21000000,0.4%,cnxad.com,Search Engine Optimization & Marketing,No
517,6800000,41000000,0.4%,angelfire.com,Web Hosting & Domain Registration,Yes
518,6800000,130000000,0.4%,blackberry.com,Mobile & Wireless,No
519,6800000,130000000,0.4%,01net.com,Technology News,Yes
520,6800000,190000000,0.4%,wunderground.com,Weather,Yes
521,6800000,37000000,0.4%,news.cn,News & Current Events,No
522,6800000,74000000,0.4%,linksynergy.com,Affiliate Programs,No
523,6800000,370000000,0.4%,sapo.pt,Newspapers,Yes
524,6800000,34000000,0.4%,deviantart.net,Restaurants,No
525,6800000,67000000,0.4%,nydailynews.com,News Networks,No
526,6800000,60000000,0.4%,mtime.com,Movies,Yes
527,6800000,300000000,0.4%,univision.com,Latinos & Latin-Americans,Yes
528,6800000,950000000,0.4%,sfr.fr,Service Providers,Yes
529,6800000,55000000,0.4%,winamp.com,Audio & Multimedia,Yes
530,6800000,120000000,0.4%,webshots.com,Photo & Video Sharing,Yes
531,6800000,37000000,0.4%,enet.com.cn,Computers & Electronics,Yes
532,6800000,61000000,0.4%,made-in-china.com,Manufacturing,No
533,6800000,280000000,0.4%,constantcontact.com,Email & Messaging,Yes
534,6800000,67000000,0.4%,examiner.com,News & Current Events,Yes
535,6800000,67000000,0.4%,pandora.tv,Entertainment,No
536,6800000,300000000,0.4%,abril.com.br,Magazines,Yes
537,6700000,340000000,0.4%,indeed.com,Jobs,Yes
538,6700000,280000000,0.4%,overstock.com,Shopping,Yes
539,6700000,37000000,0.4%,xywy.com,Health,Yes
540,6700000,73000000,0.4%,gizmodo.com,Computers & Electronics,Yes
541,6700000,38000000,0.4%,wiktionary.org,Dictionaries & Encyclopedias,No
542,6700000,73000000,0.4%,shinobi.jp,Web Hosting & Domain Registration,Yes
543,6700000,1000000000,0.4%,pandora.com,Music Streams & Downloads,Yes
544,6700000,55000000,0.4%,dianping.com,Restaurants,Yes
545,6700000,410000000,0.4%,repubblica.it,Wine,Yes
546,6700000,31000000,0.4%,360doc.com,Social Science,Yes
547,6700000,37000000,0.4%,duote.com,Software,Yes
548,6700000,23000000,0.4%,176.com,Online Games,No
549,6700000,88000000,0.4%,intel.com,Chips & Processors,No
550,6700000,210000000,0.4%,accountonline.com,Merchant Services & Payment Systems,No
551,6700000,25000000,0.4%,aibang.com,Regional Content,Yes
552,6700000,120000000,0.4%,altervista.org,Online Communities,Yes
553,6700000,28000000,0.4%,rapid-downloads.com,,No
554,6700000,110000000,0.4%,xe.com,Currencies & Foreign Exchange,Yes
555,6700000,130000000,0.4%,pixnet.net,Food & Drink,Yes
556,6700000,28000000,0.4%,wareseeker.com,Software,Yes
557,6700000,190000000,0.4%,ebuddy.com,Email & Messaging,Yes
558,6700000,73000000,0.4%,radikal.ru,Photo & Video Sharing,No
559,6600000,24000000,0.4%,webgame.com.cn,Video Games,No
560,6200000,370000000,0.4%,jcpenney.com,Apparel,No
561,6200000,97000000,0.4%,armorgames.com,Online Games,Yes
562,6200000,31000000,0.4%,information.com,Arts & Humanities,No
563,6200000,46000000,0.4%,downloadcave.com,Geology,No
564,6200000,230000000,0.4%,orbitz.com,Air Travel,Yes
565,6200000,280000000,0.4%,ca.gov,Government & Regulatory Bodies,Yes
566,6200000,370000000,0.4%,zaycev.net,Mobile & Wireless,No
567,6200000,210000000,0.4%,imvu.com,Email & Messaging,Yes
568,6200000,67000000,0.4%,rian.ru,News & Current Events,Yes
569,6200000,29000000,0.4%,usagc.org,Visa & Immigration,No
570,6200000,1700000000,0.4%,metroflog.com,Social Networks,Yes
571,6200000,110000000,0.4%,medicinenet.com,Medical Literature & Resources,No
572,6200000,170000000,0.4%,classmates.com,K-12,No
573,6200000,25000000,0.4%,windowsmedia.com,Music Streams & Downloads,No
574,6200000,65000000,0.4%,detik.com,Indonesia,No
575,6200000,26000000,0.4%,mk.co.kr,Business,No
576,6200000,55000000,0.4%,microsofttranslator.com,Language Study & Translation,No
577,6200000,790000000,0.4%,verizon.net,Online Games,Yes
578,6200000,340000000,0.4%,cartoonnetwork.com,Cartoons,Yes
579,6200000,31000000,0.4%,mt.co.kr,Investing,Yes
580,6200000,23000000,0.4%,fangeye.com,,No
581,6200000,540000000,0.4%,rr.com,ISPs,Yes
582,6200000,31000000,0.4%,fresheye.com,News & Current Events,No
583,6200000,140000000,0.4%,sweetim.com,Online Goodies,Yes
584,6200000,160000000,0.4%,stumbleupon.com,Web Services,Yes
585,6200000,170000000,0.4%,myvideo.de,Photo & Video,Yes
586,6200000,89000000,0.4%,hotpepper.jp,Restaurants,No
587,6200000,37000000,0.4%,pcgames.com.cn,Online Games,No
588,6200000,170000000,0.4%,costco.com,Mass Merchants & Department Stores,No
589,6200000,73000000,0.4%,uploaded.to,Web Hosting & Domain Registration,No
590,6200000,41000000,0.4%,xiaonei.com,Social Networks,No
591,6200000,310000000,0.4%,24h.com.vn,Vietnam,No
592,6200000,31000000,0.4%,cncmax.cn,Web Portals,Yes
593,6200000,170000000,0.4%,mafiawars.com,Roleplaying Games,No
594,6200000,160000000,0.4%,priceminister.com,Price Comparisons,No
595,6200000,56000000,0.4%,w3.org,Web Design & Development,Yes
596,6100000,250000000,0.4%,nhaccuatui.com,Music,Yes
597,6100000,500000000,0.4%,vnexpress.net,Vietnam,No
598,6100000,28000000,0.4%,foxnetworks.com,Web Design & Development,No
599,6100000,60000000,0.4%,freakshare.net,File Sharing & Hosting,No
600,6100000,370000000,0.4%,rutracker.org,Video Clips & Movie Downloads,No
601,6100000,210000000,0.4%,elmundo.es,News & Current Events,Yes
602,6100000,42000000,0.4%,torrentreactor.net,File Sharing & Hosting,No
603,6100000,41000000,0.4%,best-price.com,Price Comparisons,No
604,6100000,99000000,0.4%,nasa.gov,Astronomy,No
605,6100000,16000000,0.4%,mdinfo.com,Health,No
606,6100000,61000000,0.4%,limewire.com,File Sharing & Hosting,No
607,6100000,3400000000,0.4%,wer-kennt-wen.de,Social Networks,Yes
608,6100000,140000000,0.4%,nikkei.com,Newspapers,No
609,6100000,66000000,0.4%,51seer.com,Video Games,No
610,6100000,300000000,0.4%,gap.com,Clothing Retailers,No
611,6100000,88000000,0.4%,wiley.com,Rental Listings & Referrals,Yes
612,6100000,88000000,0.4%,time.com,Magazines,Yes
613,6100000,72000000,0.4%,elsevier.com,Science,Yes
614,6100000,66000000,0.4%,howstuffworks.com,How-To & Expert Content,Yes
615,6100000,140000000,0.4%,agame.com,Online Games,Yes
616,6100000,73000000,0.4%,che168.com,Automotive,No
617,6100000,310000000,0.4%,corriere.it,Newspapers,Yes
618,6100000,23000000,0.4%,xorg.pl,Web Hosting & Domain Registration,Yes
619,6100000,600000000,0.4%,wachovia.com,Banking & Personal Finance,Yes
620,6100000,140000000,0.4%,thesun.co.uk,Newspapers,Yes
621,6100000,280000000,0.4%,girlsgogames.com,Video Games,Yes
622,6100000,34000000,0.4%,piriform.com,Software Utilities,No
623,6100000,56000000,0.4%,chinaren.com,Clubs & Nightlife,Yes
624,6100000,170000000,0.4%,rbc.ru,Banking & Personal Finance,No
625,6100000,340000000,0.4%,spiegel.de,Magazines,Yes
626,6100000,79000000,0.4%,tbs.co.jp,TV,Yes
627,6100000,130000000,0.4%,europa.eu,Government & Regulatory Bodies,No
628,6100000,190000000,0.4%,btjunkie.org,File Sharing & Hosting,No
629,6100000,41000000,0.4%,vancl.com,Apparel,No
630,6100000,270000000,0.4%,citibank.com,Credit Cards,Yes
631,6100000,230000000,0.4%,clubpenguin.com,Cheats & Hints,No
632,6100000,300000000,0.4%,verizon.com,Service Providers,Yes
633,6100000,110000000,0.4%,forbes.com,Business News,Yes
634,6000000,21000000,0.4%,huanlang.com,,No
635,6000000,330000000,0.4%,delta.com,Air Travel,No
636,6000000,370000000,0.4%,sky.com,Marketing Services,Yes
637,5700000,130000000,0.4%,nikkei.co.jp,Newspapers,No
638,5700000,45000000,0.4%,norton.com,Antivirus & Malware,No
639,5700000,37000000,0.4%,rapid4me.com,File Sharing & Hosting,No
640,5700000,1500000000,0.4%,seznam.cz,Internet,Yes
641,5700000,280000000,0.4%,zoosk.com,Personals,No
642,5700000,42000000,0.4%,jstor.org,History,No
643,5700000,67000000,0.4%,19lou.com,Forum & Chat Providers,Yes
644,5700000,450000000,0.4%,juegos.com,Video Games,Yes
645,5700000,230000000,0.4%,easyjet.com,Air Travel,No
646,5700000,3300000000,0.4%,hyves.nl,Social Networks,Yes
647,5700000,55000000,0.4%,cbsnews.com,News Networks,Yes
648,5600000,66000000,0.4%,yoka.com,Apparel,Yes
649,5600000,60000000,0.4%,mylife.com,Personals,No
650,5600000,61000000,0.4%,jrj.com.cn,Investing,Yes
651,5600000,51000000,0.4%,xmarks.com,Internet Clients & Browsers,Yes
652,5600000,38000000,0.4%,businessweek.com,Business,Yes
653,5600000,50000000,0.4%,partypoker.it,Cards & Casino Games,No
654,5600000,160000000,0.4%,shop-pro.jp,Web Services,Yes
655,5600000,250000000,0.4%,taleo.net,Jobs,Yes
656,5600000,300000000,0.4%,dantri.com.vn,Vietnam,Yes
657,5600000,110000000,0.4%,ovi.com,Mobile Phones,No
658,5600000,37000000,0.4%,pcworld.com,Computers & Electronics,Yes
659,5600000,120000000,0.4%,xcar.com.cn,Automotive,No
660,5600000,130000000,0.4%,chinaz.com,Search Engines,No
661,5600000,190000000,0.4%,nike.com,Footwear,No
662,5600000,120000000,0.4%,ya.ru,Search Engines,Yes
663,5600000,600000000,0.4%,picnik.com,Photo & Video Software,Yes
664,5600000,300000000,0.4%,pchome.com.tw,Web Portals,Yes
665,5600000,81000000,0.4%,with2.net,Online Communities,No
666,5600000,970000000,0.4%,pogo.com,Online Games,Yes
667,5600000,28000000,0.4%,fanbox.com,Sports,No
668,5600000,67000000,0.4%,95599.cn,Banking & Personal Finance,No
669,5600000,160000000,0.4%,evite.com,Cards & Greetings,Yes
670,5600000,17000000,0.4%,159game.com,,No
671,5600000,31000000,0.4%,hankooki.com,Business,No
672,5600000,230000000,0.4%,stayfriends.de,Social Networks,Yes
673,5600000,19000000,0.4%,mozilla-europe.org,Internet Software,No
674,5600000,49000000,0.4%,gutefrage.net,Educational Resources,Yes
675,5600000,490000000,0.4%,logmein.com,Computer Security,No
676,5600000,120000000,0.4%,break.com,Humor & Bizarre,Yes
677,5600000,150000000,0.4%,paran.com,Web Portals,No
678,5600000,300000000,0.4%,mercadolibre.com.mx,Shopping Portals & Search Engines,No
679,5600000,160000000,0.4%,wrzuta.pl,Multimedia Content,Yes
680,5600000,90000000,0.4%,blogcu.com,Blogging Resources & Services,Yes
681,5600000,28000000,0.4%,winzip.com,Software Utilities,No
682,5600000,170000000,0.4%,bahn.de,Bus & Rail,No
683,5600000,23000000,0.4%,topshareware.com,Software,Yes
684,5600000,120000000,0.4%,acer.com,Western Europe,No
685,5600000,1100000000,0.4%,mynet.com,News & Current Events,Yes
686,5600000,54000000,0.4%,urbandictionary.com,Dictionaries & Encyclopedias,Yes
687,5600000,230000000,0.4%,sanook.com,Web Portals,Yes
688,5600000,45000000,0.4%,rayfile.com,File Sharing & Hosting,Yes
689,5600000,51000000,0.4%,usenet.nl,Forum & Chat Providers,No
690,5600000,23000000,0.4%,encyclopedia.com,Dictionaries & Encyclopedias,Yes
691,5600000,87000000,0.4%,imagevenue.com,Photo & Video Sharing,No
692,5600000,120000000,0.4%,qip.ru,Programming,Yes
693,5600000,74000000,0.4%,discovery.com,TV Networks,Yes
694,5600000,190000000,0.4%,yam.com,Web Portals,Yes
695,5600000,80000000,0.4%,265.com,Online Directories,No
696,5600000,42000000,0.4%,mashable.com,Technology News,Yes
697,5600000,160000000,0.4%,me.com,Social Networks,Yes
698,5600000,280000000,0.4%,yandex.ua,Real Estate,No
699,5600000,160000000,0.4%,foodnetwork.com,Cooking & Recipes,Yes
700,5600000,31000000,0.4%,freewebs.com,Web Hosting & Domain Registration,Yes
701,5600000,81000000,0.4%,sonyericsson.com,Mobile Phones,No
702,5600000,67000000,0.4%,61.com,Online Games,No
703,5600000,34000000,0.4%,articlesbase.com,Educational Resources,Yes
704,5600000,61000000,0.4%,ct10000.com,Service Providers,No
705,5600000,170000000,0.4%,mufg.jp,Banking & Personal Finance,No
706,5600000,66000000,0.4%,xrea.com,Web Services,Yes
707,5600000,28000000,0.4%,chinacars.com,Automotive,Yes
708,5600000,34000000,0.4%,cri.cn,News & Current Events,Yes
709,5600000,280000000,0.4%,movies-links.tv,Movies,No
710,5600000,880000000,0.4%,match.com,Dating & Relationships,No
711,5600000,46000000,0.4%,blogbus.com,Blogging Resources & Services,Yes
712,5500000,600000000,0.4%,livescore.com,Soccer,No
713,5500000,46000000,0.4%,zhcw.com,Lotto & Sweepstakes,Yes
714,5500000,1100000000,0.4%,ebay.com.au,Auctions,Yes
715,5500000,280000000,0.4%,istockphoto.com,Stock Photography,No
716,5500000,28000000,0.4%,speedtest.net,Web Stats & Analytics,Yes
717,5500000,46000000,0.4%,windowslivehelp.com,Email & Messaging,No
718,5500000,250000000,0.4%,sprint.com,Service Providers,Yes
719,5500000,50000000,0.4%,superpages.com,Business & Personal Listings,No
720,5500000,130000000,0.4%,infospace.com,Search Engines,No
721,5500000,160000000,0.4%,accuweather.com,Weather,Yes
722,5500000,140000000,0.4%,doctissimo.fr,Health,Yes
723,5500000,50000000,0.4%,openv.com,Video Clips & Movie Downloads,No
724,5500000,55000000,0.4%,msn.com.cn,Travel,Yes
725,5500000,300000000,0.4%,t-mobile.com,Mobile Phones,No
726,5500000,7800000000,0.4%,tuenti.com,Social Networks,No
727,5500000,310000000,0.4%,tmz.com,Celebrities,Yes
728,5500000,340000000,0.4%,otto.de,Mass Merchants & Department Stores,No
729,5500000,34000000,0.4%,gemius.pl,Demographics,No
730,5500000,80000000,0.4%,shoplocal.com,Shopping Portals & Search Engines,Yes
731,5500000,140000000,0.4%,barnesandnoble.com,Book Retailers,Yes
732,5500000,38000000,0.4%,pclady.com.cn,Beauty & Personal Care,Yes
733,5500000,300000000,0.4%,ninemsn.com.au,Web Portals,Yes
734,5500000,26000000,0.4%,wanfangdata.com.cn,Computers & Electronics,No
735,5500000,19000000,0.4%,51fswd.com,Online Games,No
736,5500000,61000000,0.4%,programas-gratis.net,Computers & Electronics,Yes
737,5500000,50000000,0.4%,pronto.com,Price Comparisons,No
738,5500000,110000000,0.4%,baixing.com,Classifieds,Yes
739,5500000,140000000,0.4%,worldstarhiphop.com,Urban & Hip-Hop,Yes
740,5500000,310000000,0.4%,yahoo.com.tw,Shopping Portals & Search Engines,No
741,5200000,18000000,0.3%,cnki.com.cn,Magazines,No
742,5200000,61000000,0.3%,w3schools.com,Web Design & Development,Yes
743,5200000,37000000,0.3%,unlimited-downloads.biz,,No
744,5200000,50000000,0.3%,qq163.com,Music,Yes
745,5100000,330000000,0.3%,carview.co.jp,Automotive,Yes
746,5100000,34000000,0.3%,zjol.com.cn,Local News,Yes
747,5100000,1900000000,0.3%,bebo.com,Social Networks,Yes
748,5100000,73000000,0.3%,delicious.com,Business Schools & Training,No
749,5100000,170000000,0.3%,hinet.net,Online Games,Yes
750,5100000,28000000,0.3%,buzzle.com,News & Current Events,Yes
751,5100000,2700000000,0.3%,schuelervz.net,Social Networks,Yes
752,5100000,96000000,0.3%,nationalgeographic.com,Magazines,Yes
753,5100000,50000000,0.3%,local.com,Search Engines,Yes
754,5100000,67000000,0.3%,tv.com,TV Programs,Yes
755,5100000,170000000,0.3%,kaskus.us,Indonesia,Yes
756,5100000,600000000,0.3%,etsy.com,Crafts,No
757,5100000,28000000,0.3%,eastday.com,Military,Yes
758,5100000,21000000,0.3%,shumenol.com,Astrology & Divination,No
759,5100000,50000000,0.3%,sendspace.com,File Sharing & Hosting,No
760,5100000,38000000,0.3%,citysearch.com,Restaurants,Yes
761,5100000,46000000,0.3%,zaobao.com,News & Current Events,Yes
762,5100000,280000000,0.3%,ed.gov,Education,No
763,5100000,190000000,0.3%,irctc.co.in,Vacation Destinations,No
764,5100000,28000000,0.3%,downtr.net,Software,Yes
765,5100000,260000000,0.3%,laredoute.fr,Apparel,Yes
766,5100000,89000000,0.3%,playstation.com,Video Games,No
767,5100000,190000000,0.3%,elpais.com,Newspapers,No
768,5100000,34000000,0.3%,utorrent.com,File Sharing & Hosting,No
769,5100000,90000000,0.3%,blogmura.com,Blogging Resources & Services,Yes
770,5100000,26000000,0.3%,mapbar.com,China,Yes
771,5100000,130000000,0.3%,readnovel.com,E-Books,Yes
772,5100000,31000000,0.3%,m1905.com,TV Networks,No
773,5100000,160000000,0.3%,marriott.com,Hotels & Accommodations,No
774,5100000,54000000,0.3%,popeater.com,TV Programs,No
775,5100000,67000000,0.3%,jsoftj.com,Computers & Electronics,Yes
776,5100000,28000000,0.3%,tweetmeme.com,Disasters,Yes
777,5100000,340000000,0.3%,hm.com,Business,No
778,5100000,67000000,0.3%,travelzoo.com,Air Travel,No
779,5100000,34000000,0.3%,torrentdownloads.net,File Sharing & Hosting,No
780,5100000,250000000,0.3%,izlesene.com,Video Clips & Movie Downloads,No
781,5100000,1400000000,0.3%,studivz.net,Social Networks,Yes
782,5100000,160000000,0.3%,hilton.com,Hotels & Accommodations,Yes
783,5100000,46000000,0.3%,vietbao.vn,Music,No
784,5100000,120000000,0.3%,kayak.com,Travel,No
785,5100000,230000000,0.3%,zappos.com,Footwear,No
786,5100000,340000000,0.3%,realtor.com,Rental Listings & Referrals,No
787,5100000,12000000,0.3%,oadz.com,,No
788,5100000,23000000,0.3%,123people.com,Online Directories,Yes
789,5100000,46000000,0.3%,abchina.com,Banking & Personal Finance,No
790,5100000,29000000,0.3%,hurra.com,Internet,No
791,5100000,60000000,0.3%,slide.com,MySpace Codes & Graphics,Yes
792,5000000,23000000,0.3%,allexperts.com,How-To & Expert Content,Yes
793,5000000,230000000,0.3%,aa.com,Air Travel,Yes
794,5000000,80000000,0.3%,uuu9.com,Online Games,Yes
795,5000000,46000000,0.3%,symantecstore.com,Antivirus & Malware,No
796,5000000,190000000,0.3%,cricinfo.com,Cricket,Yes
797,5000000,55000000,0.3%,52pk.com,Online Games,Yes
798,5000000,120000000,0.3%,go2000.com,Web Services,No
799,5000000,17000000,0.3%,searchignite.com,,No
800,5000000,23000000,0.3%,chinadaily.com.cn,China,Yes
801,5000000,170000000,0.3%,newegg.com,Computers & Electronics,No
802,5000000,38000000,0.3%,timeanddate.com,Time & Calendars,Yes
803,5000000,410000000,0.3%,direct.gov.uk,United Kingdom,No
804,5000000,28000000,0.3%,pctools.com,Antivirus & Malware,No
805,5000000,73000000,0.3%,27.cn,Beauty & Personal Care,Yes
806,5000000,96000000,0.3%,tgbus.com,Video Games,Yes
807,5000000,31000000,0.3%,fc2web.com,Web Hosting & Domain Registration,Yes
808,5000000,16000000,0.3%,mozdev.org,Internet Clients & Browsers,Yes
809,5000000,330000000,0.3%,marca.com,Sports,Yes
810,5000000,190000000,0.3%,udn.com,Blogging Resources & Services,Yes
811,5000000,180000000,0.3%,amazon.fr,Book Retailers,No
812,5000000,21000000,0.3%,weblio.jp,Dictionaries & Encyclopedias,Yes
813,5000000,41000000,0.3%,changyou.com,Online Games,Yes
814,5000000,26000000,0.3%,daily.co.jp,Sports,Yes
815,5000000,55000000,0.3%,thefind.com,Shopping Portals & Search Engines,No
816,5000000,74000000,0.3%,nttdocomo.co.jp,Mobile Phones,No
817,5000000,300000000,0.3%,kohls.com,Mass Merchants & Department Stores,No
818,5000000,37000000,0.3%,walkerplus.com,Japan,Yes
819,5000000,170000000,0.3%,babycenter.com,Baby Care,Yes
820,5000000,26000000,0.3%,ow.ly,File Sharing & Hosting,No
821,5000000,21000000,0.3%,webgame188.com,,No
822,5000000,26000000,0.3%,toocle.com,E-Commerce,No
823,5000000,45000000,0.3%,webcrawler.com,Search Engines,No
824,4700000,41000000,0.3%,stackoverflow.com,Music,No
825,4700000,370000000,0.3%,ekolay.net,Web Portals,Yes
826,4700000,67000000,0.3%,kuronekoyamato.co.jp,Freight & Trucking,No
827,4700000,74000000,0.3%,vzw.com,Phone Service Providers,No
828,4700000,67000000,0.3%,buzznet.com,Blogging Resources & Services,Yes
829,4700000,110000000,0.3%,wetter.com,Weather,Yes
830,4700000,74000000,0.3%,dospy.com,Mobile & Wireless,Yes
831,4700000,410000000,0.3%,fidelity.com,Investing,No
832,4700000,80000000,0.3%,gismeteo.ru,Weather,Yes
833,4700000,50000000,0.3%,ft.com,Business Schools & Training,No
834,4700000,21000000,0.3%,freedownloadscenter.com,Software,Yes
835,4700000,17000000,0.3%,smarter.co.jp,Shopping Portals & Search Engines,No
836,4700000,88000000,0.3%,bidders.co.jp,Auctions,Yes
837,4700000,250000000,0.3%,tesco.com,Food Retailers,Yes
838,4700000,42000000,0.3%,azlyrics.com,Lyrics & Tabs,Yes
839,4700000,140000000,0.3%,legacy.com,Obituaries,Yes
840,4700000,170000000,0.3%,tf1.fr,TV,Yes
841,4700000,170000000,0.3%,nhl.com,Hockey,Yes
842,4700000,21000000,0.3%,mycom.co.jp,Technology News,Yes
843,4700000,140000000,0.3%,rtl.de,TV Programs,Yes
844,4700000,22000000,0.3%,hankyung.com,Newspapers,Yes
845,4700000,28000000,0.3%,edeng.cn,Classifieds,Yes
846,4700000,540000000,0.3%,immobilienscout24.de,Legal,Yes
847,4700000,34000000,0.3%,gigazine.net,News & Current Events,Yes
848,4700000,120000000,0.3%,marketwatch.com,Business News,Yes
849,4700000,89000000,0.3%,xuite.net,Web Hosting & Domain Registration,Yes
850,4700000,34000000,0.3%,techcrunch.com,Computers & Electronics,Yes
851,4600000,23000000,0.3%,inowdownload.com,Movies,No
852,4600000,450000000,0.3%,kooora.com,Football,Yes
853,4600000,28000000,0.3%,zdnet.com,Computers & Electronics,Yes
854,4600000,34000000,0.3%,causes.com,Medical Literature & Resources,No
855,4600000,80000000,0.3%,imagebam.com,Photo & Video Sharing,No
856,4600000,74000000,0.3%,thesaurus.com,Dictionaries & Encyclopedias,No
857,4600000,42000000,0.3%,boc.cn,Banking & Personal Finance,No
858,4600000,97000000,0.3%,kapook.com,Web Portals,Yes
859,4600000,310000000,0.3%,argos.co.uk,Shopping Portals & Search Engines,No
860,4600000,55000000,0.3%,kp.ru,Newspapers,Yes
861,4600000,17000000,0.3%,uniblue.com,Software,No
862,4600000,20000000,0.3%,boosj.com,Video Clips & Movie Downloads,Yes
863,4600000,55000000,0.3%,meebo.com,Email & Messaging,Yes
864,4600000,49000000,0.3%,redtram.com,News & Current Events,Yes
865,4600000,19000000,0.3%,qianlong.com,News & Current Events,Yes
866,4600000,41000000,0.3%,top100.cn,Music,Yes
867,4600000,720000000,0.3%,ancestry.com,Genealogy,Yes
868,4600000,34000000,0.3%,pricegrabber.com,Price Comparisons,Yes
869,4600000,35000000,0.3%,pkr.com,Cards & Casino Games,No
870,4600000,74000000,0.3%,php.net,Programming,No
871,4600000,120000000,0.3%,ea.com,Online Games,Yes
872,4600000,54000000,0.3%,rutube.ru,Video Clips & Movie Downloads,Yes
873,4600000,21000000,0.3%,qingdaonews.com,Web Portals,Yes
874,4600000,37000000,0.3%,sbs.co.kr,Flash Content,Yes
875,4600000,21000000,0.3%,shvoong.com,Educational Resources,Yes
876,4600000,28000000,0.3%,ilike.com,Music Streams & Downloads,Yes
877,4600000,38000000,0.3%,kaspersky.com,Antivirus & Malware,No
878,4600000,160000000,0.3%,bigfishgames.com,Online Games,No
879,4600000,370000000,0.3%,xing.com,Social Networks,Yes
880,4600000,42000000,0.3%,taotao.com,Online Goodies,No
881,4600000,28000000,0.3%,sing365.com,Lyrics & Tabs,Yes
882,4600000,31000000,0.3%,51mole.com,Online Games,No
883,4600000,66000000,0.3%,tweetphoto.com,Photo & Video Sharing,No
884,4600000,310000000,0.3%,bloomberg.com,Business News,Yes
885,4600000,19000000,0.3%,newhua.com,Software Utilities,Yes
886,4600000,21000000,0.3%,2000y.net,Rock & Pop,Yes
887,4600000,54000000,0.3%,asiae.co.kr,Movies,Yes
888,4600000,50000000,0.3%,aolnews.com,Email & Messaging,Yes
889,4600000,28000000,0.3%,bdr130.net,Religion & Spirituality,Yes
890,4600000,46000000,0.3%,picktorrent.com,File Sharing & Hosting,No
891,4600000,110000000,0.3%,pixmania.com,Price Comparisons,Yes
892,4600000,34000000,0.3%,wired.com,Technology News,Yes
893,4600000,51000000,0.3%,juchang.com,Movies,No
894,4600000,45000000,0.3%,vatgia.com,Vietnam,No
895,4600000,38000000,0.3%,divx.com,Audio & Multimedia,No
896,4600000,140000000,0.3%,ana.co.jp,Air Travel,No
897,4600000,110000000,0.3%,fandango.com,Movies,Yes
898,4600000,11000000,0.3%,seoul.co.kr,Entertainment,Yes
899,4600000,41000000,0.3%,appspot.com,Video Games,Yes
900,4600000,46000000,0.3%,fetion.com.cn,Forum & Chat Providers,No
901,4600000,16000000,0.3%,bandoo.com,Email & Messaging,No
902,4600000,41000000,0.3%,city-data.com,Demographics,Yes
903,4600000,16000000,0.3%,wisegeek.com,Educational Resources,Yes
904,4600000,99000000,0.3%,ocnk.net,Web Services,Yes
905,4600000,50000000,0.3%,hunantv.com,TV,Yes
906,4600000,1100000000,0.3%,kijiji.ca,Classifieds,Yes
907,4600000,50000000,0.3%,cnki.net,Education,Yes
908,4600000,67000000,0.3%,panasonic.jp,Consumer Electronics,No
909,4600000,130000000,0.3%,allocine.fr,Movies,Yes
910,4600000,56000000,0.3%,chinahr.com,Jobs,Yes
911,4600000,55000000,0.3%,emagister.com,Distance Learning,Yes
912,4600000,28000000,0.3%,manta.com,Business Services & Consulting,Yes
913,4500000,60000000,0.3%,rayli.com.cn,Beauty & Personal Care,Yes
914,4300000,28000000,0.3%,asahi-net.or.jp,ISPs,Yes
915,4300000,67000000,0.3%,dreamstime.com,Stock Photography,No
916,4300000,120000000,0.3%,lastminute.com,Hotels & Accommodations,Yes
917,4300000,230000000,0.3%,nick.com,Cartoons,Yes
918,4300000,340000000,0.3%,deezer.com,Music Streams & Downloads,No
919,4300000,23000000,0.3%,bohelady.com,Parenting & Family,Yes
920,4300000,67000000,0.3%,esmas.com,Web Portals,Yes
921,4300000,800000000,0.3%,vente-privee.com,Shopping Portals & Search Engines,No
922,4300000,24000000,0.3%,lyricsmode.com,Lyrics & Tabs,Yes
923,4300000,19000000,0.3%,findarticles.com,News & Current Events,Yes
924,4300000,16000000,0.3%,47news.jp,News Networks,Yes
925,4300000,97000000,0.3%,staples.com,Office Supplies,No
926,4300000,61000000,0.3%,songs.pk,Bollywood & Lollywood,No
927,4300000,23000000,0.3%,bomb-mp3.com,Music,No
928,4200000,18000000,0.3%,cqvip.com,Science,Yes
929,4200000,550000000,0.3%,autoscout24.de,Vehicle Shopping,Yes
930,4200000,410000000,0.3%,victoriassecret.com,Lingerie & Undergarments,No
931,4200000,56000000,0.3%,acrobat.com,Software,No
932,4200000,230000000,0.3%,national-lottery.co.uk,Lotto & Sweepstakes,Yes
933,4200000,60000000,0.3%,mayoclinic.com,Medical Literature & Resources,Yes
934,4200000,310000000,0.3%,zillow.com,Real Estate,Yes
935,4200000,1100000000,0.3%,onemanga.com,Anime & Manga,No
936,4200000,41000000,0.3%,playsushi.com,Online Games,Yes
937,4200000,19000000,0.3%,answerbag.com,How-To & Expert Content,Yes
938,4200000,210000000,0.3%,ukr.net,Online Goodies,Yes
939,4200000,34000000,0.3%,citicards.com,Credit Cards,No
940,4200000,82000000,0.3%,kaixin.com,TV Programs,Yes
941,4200000,18000000,0.3%,ju51.com,Homemaking & Interior Decor,No
942,4200000,74000000,0.3%,kbs.co.kr,TV,No
943,4200000,210000000,0.3%,toysrus.com,Toys,No
944,4200000,25000000,0.3%,freshwap.net,File Sharing & Hosting,No
945,4200000,23000000,0.3%,vertor.com,File Sharing & Hosting,No
946,4200000,21000000,0.3%,mahalo.com,Search Engines,Yes
947,4200000,870000000,0.3%,hurriyet.com.tr,Newspapers,Yes
948,4200000,370000000,0.3%,mercadolibre.com.ar,Shopping Portals & Search Engines,No
949,4200000,98000000,0.3%,bearshare.com,File Sharing & Hosting,No
950,4200000,28000000,0.3%,zdface.com,Apparel,Yes
951,4200000,31000000,0.3%,shangdu.com,Local News,Yes
952,4200000,230000000,0.3%,barbie.com,Toys,No
953,4200000,67000000,0.3%,interpark.com,Shopping,No
954,4200000,73000000,0.3%,mizuhobank.co.jp,Lotto & Sweepstakes,No
955,4200000,73000000,0.3%,hotwire.com,Air Travel,No
956,4200000,68000000,0.3%,kompas.com,Indonesia,No
957,4200000,16000000,0.3%,1link.ru,Merchant Services & Payment Systems,No
958,4200000,18000000,0.3%,rising.com.cn,Antivirus & Malware,No
959,4200000,20000000,0.3%,blurtit.com,How-To & Expert Content,Yes
960,4200000,110000000,0.3%,newgrounds.com,Flash Content,Yes
961,4200000,120000000,0.3%,mundoanuncio.com,Classifieds,Yes
962,4200000,1300000000,0.3%,marktplaats.nl,Classifieds,No
963,4200000,34000000,0.3%,ringtonematcher.com,,No
964,4200000,110000000,0.3%,goal.com,Soccer,Yes
965,4200000,130000000,0.3%,xs8.cn,E-Books,Yes
966,4200000,130000000,0.3%,mthai.com,Web Portals,Yes
967,4200000,190000000,0.3%,clarin.com,Newspapers,Yes
968,4200000,37000000,0.3%,openoffice.org,Business & Productivity,No
969,4200000,35000000,0.3%,ciao.de,Consumer Affairs & Product Reviews,Yes
970,4200000,140000000,0.3%,jal.co.jp,Air Travel,No
971,4200000,19000000,0.3%,lyrics007.com,Lyrics & Tabs,Yes
972,4200000,160000000,0.3%,ovguide.com,Video Clips & Movie Downloads,No
973,4200000,140000000,0.3%,ultimate-guitar.com,Lyrics & Tabs,Yes
974,4200000,310000000,0.3%,mobile01.com,Mobile Phones,Yes
975,4200000,16000000,0.3%,vdisk.cn,Software Utilities,No
976,4200000,50000000,0.3%,buy.com,Shopping Portals & Search Engines,No
977,4200000,61000000,0.3%,computerbild.de,Computers & Electronics,Yes
978,4200000,130000000,0.3%,usgs.gov,Geology,No
979,4200000,38000000,0.3%,te3p.com,Online Directories,Yes
980,4200000,90000000,0.3%,cooks.com,Cooking & Recipes,Yes
981,4200000,51000000,0.3%,mcssl.com,Computers & Electronics,No
982,4200000,170000000,0.3%,reverso.net,Language Study & Translation,Yes
983,4200000,34000000,0.3%,merchantcircle.com,Marketing Services,Yes
984,4200000,28000000,0.3%,tiancity.com,Online Games,No
985,4200000,73000000,0.3%,dropbox.com,Myth & Folklore,Yes
986,4200000,34000000,0.3%,yfrog.com,Photo & Video Sharing,Yes
987,4200000,210000000,0.3%,tiscali.it,Web Portals,Yes
988,4100000,210000000,0.3%,xbox.com,Video Games,Yes
989,4100000,45000000,0.3%,easy-share.com,Language Study & Translation,No
990,4100000,340000000,0.3%,autotrader.com,Vehicle Shopping,No
991,4100000,61000000,0.3%,gotomeeting.com,Teleconferencing,No
992,4100000,23000000,0.3%,download-gate.com,Lyrics & Tabs,No
993,4100000,280000000,0.3%,nfl.com,Football,Yes
994,4100000,21000000,0.3%,experts-exchange.com,Tech Support,No
995,4100000,21000000,0.3%,cool.ne.jp,Web Hosting & Domain Registration,Yes
996,4100000,23000000,0.3%,fx120.net,Health Conditions,Yes
997,4100000,41000000,0.3%,ntv.co.jp,TV Networks,No
998,4100000,1700000000,0.3%,meinvz.net,Social Networks,Yes
999,4100000,790000000,0.3%,king.com,Online Games,Yes
1000,4100000,190000000,0.3%,virginmedia.com,Entertainment,Yes
Rank,Unique Visitors (users),Page Views,Reach,Site,Category,Has Advertising
